{
    "accuracy": 0.5907738095238095,
    "loss": 1.354225572497983
}