{
    "accuracy": 0.8898809523809524,
    "loss": 0.606254083769662
}