{
    "accuracy": 0.9196428571428571,
    "loss": 0.30282596924475264
}